precision,recall,f1-score,support,top_5_acc,top_5_precision,top_5_recall,top_5_f1
0.8409090909090909,0.74,0.7872340425531915,50.0,,,,
0.7272727272727273,0.64,0.6808510638297872,50.0,,,,
0.4027777777777778,0.58,0.47540983606557374,50.0,,,,
0.4098360655737705,0.5,0.45045045045045046,50.0,,,,
0.6666666666666666,0.44,0.5301204819277109,50.0,,,,
0.5510204081632653,0.54,0.5454545454545455,50.0,,,,
0.3103448275862069,0.36,0.3333333333333333,50.0,,,,
0.75,0.54,0.627906976744186,50.0,,,,
0.4642857142857143,0.52,0.49056603773584906,50.0,,,,
0.5263157894736842,0.8,0.6349206349206348,50.0,,,,
0.6938775510204082,0.68,0.686868686868687,50.0,,,,
0.8888888888888888,0.64,0.7441860465116279,50.0,,,,
0.6444444444444445,0.58,0.6105263157894737,50.0,,,,
0.6326530612244898,0.62,0.6262626262626263,50.0,,,,
0.6206896551724138,0.72,0.6666666666666666,50.0,,,,
0.6274509803921569,0.64,0.6336633663366336,50.0,,,,
0.6585365853658537,0.54,0.5934065934065934,50.0,,,,
0.6346153846153846,0.66,0.6470588235294118,50.0,,,,
0.37142857142857144,0.52,0.43333333333333335,50.0,,,,
0.6904761904761905,0.58,0.6304347826086957,50.0,,,,
0.6071428571428571,0.68,0.6415094339622641,50.0,,,,
0.4098360655737705,0.5,0.45045045045045046,50.0,,,,
0.4918032786885246,0.6,0.5405405405405406,50.0,,,,
0.47058823529411764,0.32,0.38095238095238104,50.0,,,,
0.5324675324675324,0.82,0.6456692913385826,50.0,,,,
0.86,0.86,0.8599999999999999,50.0,,,,
0.5,0.4,0.4444444444444445,50.0,,,,
0.5813953488372093,0.5,0.5376344086021505,50.0,,,,
0.627906976744186,0.54,0.5806451612903226,50.0,,,,
0.5581395348837209,0.48,0.5161290322580644,50.0,,,,
0.46296296296296297,0.5,0.4807692307692307,50.0,,,,
0.49122807017543857,0.56,0.5233644859813084,50.0,,,,
0.4583333333333333,0.22,0.29729729729729726,50.0,,,,
0.4166666666666667,0.4,0.4081632653061225,50.0,,,,
0.22826086956521738,0.42,0.29577464788732394,50.0,,,,
0.25,0.18,0.20930232558139533,50.0,,,,
0.25396825396825395,0.32,0.2831858407079646,50.0,,,,
0.5555555555555556,0.5,0.5263157894736842,50.0,,,,
0.37142857142857144,0.26,0.30588235294117644,50.0,,,,
0.43902439024390244,0.36,0.3956043956043956,50.0,,,,
0.2777777777777778,0.1,0.14705882352941177,50.0,,,,
0.5652173913043478,0.52,0.5416666666666667,50.0,,,,
0.3448275862068966,0.4,0.3703703703703704,50.0,,,,
0.423728813559322,0.5,0.4587155963302752,50.0,,,,
0.34285714285714286,0.24,0.2823529411764706,50.0,,,,
0.5609756097560976,0.46,0.5054945054945056,50.0,,,,
0.24444444444444444,0.22,0.23157894736842105,50.0,,,,
0.47058823529411764,0.32,0.38095238095238104,50.0,,,,
0.423728813559322,0.5,0.4587155963302752,50.0,,,,
0.2727272727272727,0.42,0.33070866141732286,50.0,,,,
0.3090909090909091,0.34,0.32380952380952377,50.0,,,,
0.43333333333333335,0.52,0.4727272727272728,50.0,,,,
0.43333333333333335,0.26,0.325,50.0,,,,
0.5,0.32,0.39024390243902435,50.0,,,,
0.32142857142857145,0.18,0.23076923076923075,50.0,,,,
0.3275862068965517,0.38,0.35185185185185186,50.0,,,,
0.4878048780487805,0.4,0.43956043956043955,50.0,,,,
0.41818181818181815,0.46,0.43809523809523804,50.0,,,,
0.1875,0.12,0.14634146341463414,50.0,,,,
0.42857142857142855,0.18,0.2535211267605634,50.0,,,,
0.14285714285714285,0.1,0.11764705882352941,50.0,,,,
0.3225806451612903,0.4,0.3571428571428571,50.0,,,,
0.2,0.06,0.09230769230769231,50.0,,,,
0.5135135135135135,0.38,0.4367816091954023,50.0,,,,
0.32051282051282054,0.5,0.39062500000000006,50.0,,,,
0.5,0.3,0.37499999999999994,50.0,,,,
0.3333333333333333,0.32,0.32653061224489793,50.0,,,,
0.21212121212121213,0.42,0.2818791946308725,50.0,,,,
0.25,0.26,0.2549019607843137,50.0,,,,
0.5517241379310345,0.64,0.5925925925925927,50.0,,,,
0.4444444444444444,0.64,0.5245901639344263,50.0,,,,
0.5,0.48,0.4897959183673469,50.0,,,,
0.5333333333333333,0.8,0.64,50.0,,,,
0.3142857142857143,0.22,0.25882352941176473,50.0,,,,
0.4,0.52,0.45217391304347826,50.0,,,,
0.6363636363636364,0.56,0.5957446808510639,50.0,,,,
0.5961538461538461,0.62,0.607843137254902,50.0,,,,
0.41818181818181815,0.46,0.43809523809523804,50.0,,,,
0.44642857142857145,0.5,0.47169811320754723,50.0,,,,
0.325,0.26,0.2888888888888889,50.0,,,,
0.532258064516129,0.66,0.5892857142857142,50.0,,,,
0.43243243243243246,0.64,0.5161290322580645,50.0,,,,
0.47692307692307695,0.62,0.5391304347826087,50.0,,,,
0.7407407407407407,0.8,0.7692307692307692,50.0,,,,
0.6304347826086957,0.58,0.6041666666666666,50.0,,,,
0.6829268292682927,0.56,0.6153846153846154,50.0,,,,
0.7352941176470589,0.5,0.5952380952380952,50.0,,,,
0.5714285714285714,0.8,0.6666666666666666,50.0,,,,
0.6363636363636364,0.7,0.6666666666666666,50.0,,,,
0.56,0.56,0.56,50.0,,,,
0.6610169491525424,0.78,0.7155963302752293,50.0,,,,
0.5909090909090909,0.52,0.5531914893617023,50.0,,,,
0.6923076923076923,0.72,0.7058823529411765,50.0,,,,
0.6086956521739131,0.28,0.3835616438356165,50.0,,,,
0.5576923076923077,0.58,0.5686274509803922,50.0,,,,
0.6617647058823529,0.9,0.7627118644067796,50.0,,,,
0.7073170731707317,0.58,0.6373626373626374,50.0,,,,
0.7241379310344828,0.42,0.5316455696202531,50.0,,,,
0.6521739130434783,0.6,0.6250000000000001,50.0,,,,
0.4444444444444444,0.32,0.37209302325581395,50.0,,,,
0.48148148148148145,0.78,0.5954198473282443,50.0,,,,
0.5098039215686274,0.52,0.5148514851485149,50.0,,,,
0.86,0.86,0.8599999999999999,50.0,,,,
0.6097560975609756,0.5,0.5494505494505494,50.0,,,,
0.41379310344827586,0.24,0.3037974683544304,50.0,,,,
0.5918367346938775,0.58,0.5858585858585857,50.0,,,,
0.39285714285714285,0.44,0.4150943396226415,50.0,,,,
0.463768115942029,0.64,0.5378151260504201,50.0,,,,
0.5641025641025641,0.44,0.49438202247191015,50.0,,,,
0.5737704918032787,0.7,0.6306306306306306,50.0,,,,
0.39285714285714285,0.44,0.4150943396226415,50.0,,,,
0.7083333333333334,0.68,0.6938775510204083,50.0,,,,
0.36666666666666664,0.22,0.27499999999999997,50.0,,,,
0.4489795918367347,0.44,0.4444444444444445,50.0,,,,
0.5652173913043478,0.26,0.3561643835616438,50.0,,,,
0.46,0.46,0.46,50.0,,,,
0.42857142857142855,0.42,0.42424242424242425,50.0,,,,
0.6041666666666666,0.58,0.5918367346938774,50.0,,,,
0.42592592592592593,0.46,0.4423076923076923,50.0,,,,
0.4444444444444444,0.24,0.3116883116883117,50.0,,,,
0.4444444444444444,0.4,0.4210526315789474,50.0,,,,
0.46551724137931033,0.54,0.5,50.0,,,,
0.32,0.48,0.38399999999999995,50.0,,,,
0.48214285714285715,0.54,0.5094339622641509,50.0,,,,
0.18181818181818182,0.08,0.1111111111111111,50.0,,,,
0.3888888888888889,0.56,0.45901639344262296,50.0,,,,
0.3448275862068966,0.2,0.2531645569620254,50.0,,,,
0.4925373134328358,0.66,0.5641025641025641,50.0,,,,
0.3728813559322034,0.44,0.40366972477064217,50.0,,,,
0.6346153846153846,0.66,0.6470588235294118,50.0,,,,
0.74,0.74,0.74,50.0,,,,
0.5081967213114754,0.62,0.5585585585585586,50.0,,,,
0.5714285714285714,0.64,0.6037735849056605,50.0,,,,
0.6521739130434783,0.6,0.6250000000000001,50.0,,,,
0.5357142857142857,0.3,0.38461538461538464,50.0,,,,
0.7058823529411765,0.72,0.712871287128713,50.0,,,,
0.5081967213114754,0.62,0.5585585585585586,50.0,,,,
0.6078431372549019,0.62,0.6138613861386139,50.0,,,,
0.5285714285714286,0.74,0.6166666666666666,50.0,,,,
0.7413793103448276,0.86,0.7962962962962963,50.0,,,,
0.6382978723404256,0.6,0.6185567010309279,50.0,,,,
0.5522388059701493,0.74,0.6324786324786325,50.0,,,,
0.6842105263157895,0.52,0.5909090909090909,50.0,,,,
0.5555555555555556,0.7,0.6194690265486726,50.0,,,,
0.4642857142857143,0.52,0.49056603773584906,50.0,,,,
0.72,0.72,0.72,50.0,,,,
0.4482758620689655,0.52,0.48148148148148145,50.0,,,,
0.6545454545454545,0.72,0.6857142857142857,50.0,,,,
0.5616438356164384,0.82,0.6666666666666667,50.0,,,,
0.6666666666666666,0.68,0.6732673267326733,50.0,,,,
0.30434782608695654,0.42,0.3529411764705883,50.0,,,,
0.3055555555555556,0.22,0.2558139534883721,50.0,,,,
0.7666666666666667,0.46,0.575,50.0,,,,
0.3815789473684211,0.58,0.4603174603174603,50.0,,,,
0.574468085106383,0.54,0.5567010309278351,50.0,,,,
0.2535211267605634,0.36,0.2975206611570248,50.0,,,,
0.5087719298245614,0.58,0.5420560747663552,50.0,,,,
0.515625,0.66,0.5789473684210525,50.0,,,,
0.3783783783783784,0.28,0.3218390804597701,50.0,,,,
0.26229508196721313,0.32,0.2882882882882883,50.0,,,,
0.4925373134328358,0.66,0.5641025641025641,50.0,,,,
0.4032258064516129,0.5,0.4464285714285714,50.0,,,,
0.3088235294117647,0.42,0.3559322033898305,50.0,,,,
0.20689655172413793,0.12,0.1518987341772152,50.0,,,,
0.4489795918367347,0.44,0.4444444444444445,50.0,,,,
0.625,0.1,0.1724137931034483,50.0,,,,
0.3829787234042553,0.36,0.37113402061855666,50.0,,,,
0.3142857142857143,0.22,0.25882352941176473,50.0,,,,
0.3181818181818182,0.28,0.29787234042553196,50.0,,,,
0.5217391304347826,0.48,0.4999999999999999,50.0,,,,
0.1875,0.18,0.1836734693877551,50.0,,,,
0.37037037037037035,0.4,0.3846153846153846,50.0,,,,
0.29591836734693877,0.58,0.39189189189189183,50.0,,,,
0.3064516129032258,0.38,0.33928571428571425,50.0,,,,
0.39344262295081966,0.48,0.43243243243243246,50.0,,,,
0.6190476190476191,0.26,0.36619718309859156,50.0,,,,
0.37254901960784315,0.38,0.37623762376237624,50.0,,,,
0.34,0.68,0.4533333333333334,50.0,,,,
0.5294117647058824,0.54,0.5346534653465347,50.0,,,,
0.5,0.44,0.46808510638297873,50.0,,,,
0.18309859154929578,0.26,0.21487603305785127,50.0,,,,
0.5535714285714286,0.62,0.5849056603773586,50.0,,,,
0.4666666666666667,0.42,0.4421052631578947,50.0,,,,
0.4246575342465753,0.62,0.5040650406504065,50.0,,,,
0.275,0.22,0.24444444444444446,50.0,,,,
0.38235294117647056,0.26,0.30952380952380953,50.0,,,,
0.42857142857142855,0.36,0.391304347826087,50.0,,,,
0.3684210526315789,0.28,0.3181818181818182,50.0,,,,
0.625,0.3,0.4054054054054054,50.0,,,,
0.3404255319148936,0.32,0.32989690721649484,50.0,,,,
0.7,0.56,0.6222222222222222,50.0,,,,
0.373134328358209,0.5,0.4273504273504274,50.0,,,,
0.4583333333333333,0.44,0.4489795918367347,50.0,,,,
0.5185185185185185,0.28,0.36363636363636365,50.0,,,,
0.5333333333333333,0.32,0.4,50.0,,,,
0.36585365853658536,0.6,0.4545454545454546,50.0,,,,
0.4634146341463415,0.38,0.4175824175824176,50.0,,,,
0.3111111111111111,0.28,0.2947368421052632,50.0,,,,
0.5,0.56,0.5283018867924528,50.0,,,,
0.2608695652173913,0.36,0.3025210084033614,50.0,,,,
0.23529411764705882,0.32,0.2711864406779661,50.0,,,,
0.35714285714285715,0.4,0.3773584905660378,50.0,,,,
0.25,0.36,0.29508196721311475,50.0,,,,
0.4805194805194805,0.74,0.5826771653543307,50.0,,,,
0.5555555555555556,0.2,0.29411764705882354,50.0,,,,
0.4772727272727273,0.42,0.4468085106382979,50.0,,,,
0.4146341463414634,0.34,0.3736263736263737,50.0,,,,
0.4107142857142857,0.46,0.43396226415094336,50.0,,,,
0.37777777777777777,0.34,0.3578947368421052,50.0,,,,
0.38,0.38,0.38,50.0,,,,
0.5208333333333334,0.5,0.5102040816326531,50.0,,,,
0.4166666666666667,0.4,0.4081632653061225,50.0,,,,
0.30612244897959184,0.3,0.3030303030303031,50.0,,,,
0.45,0.54,0.49090909090909096,50.0,,,,
0.32941176470588235,0.56,0.41481481481481486,50.0,,,,
0.3191489361702128,0.3,0.30927835051546393,50.0,,,,
0.43902439024390244,0.72,0.5454545454545455,50.0,,,,
0.3709677419354839,0.46,0.4107142857142857,50.0,,,,
0.5172413793103449,0.6,0.5555555555555556,50.0,,,,
0.3269230769230769,0.34,0.3333333333333333,50.0,,,,
0.7407407407407407,0.4,0.5194805194805194,50.0,,,,
0.6190476190476191,0.52,0.5652173913043478,50.0,,,,
0.42424242424242425,0.28,0.3373493975903614,50.0,,,,
0.3114754098360656,0.38,0.34234234234234234,50.0,,,,
0.39622641509433965,0.42,0.4077669902912621,50.0,,,,
0.373134328358209,0.5,0.4273504273504274,50.0,,,,
0.25,0.2,0.22222222222222224,50.0,,,,
0.40350877192982454,0.46,0.42990654205607476,50.0,,,,
0.68,0.68,0.68,50.0,,,,
0.7857142857142857,0.44,0.5641025641025641,50.0,,,,
0.4090909090909091,0.36,0.3829787234042554,50.0,,,,
0.46,0.46,0.46,50.0,,,,
0.36363636363636365,0.48,0.41379310344827586,50.0,,,,
0.3333333333333333,0.28,0.30434782608695654,50.0,,,,
0.32926829268292684,0.54,0.40909090909090906,50.0,,,,
0.36507936507936506,0.46,0.40707964601769914,50.0,,,,
0.2777777777777778,0.3,0.2884615384615385,50.0,,,,
0.3333333333333333,0.46,0.38655462184873945,50.0,,,,
0.296875,0.38,0.3333333333333333,50.0,,,,
0.4861111111111111,0.7,0.5737704918032787,50.0,,,,
0.22077922077922077,0.34,0.2677165354330709,50.0,,,,
0.6521739130434783,0.3,0.410958904109589,50.0,,,,
0.3333333333333333,0.3,0.3157894736842105,50.0,,,,
0.29069767441860467,0.5,0.3676470588235294,50.0,,,,
0.7,0.7,0.7,50.0,,,,
0.3382352941176471,0.46,0.3898305084745763,50.0,,,,
0.19672131147540983,0.24,0.21621621621621623,50.0,,,,
0.5217391304347826,0.48,0.4999999999999999,50.0,,,,
0.375,0.24,0.2926829268292683,50.0,,,,
0.4915254237288136,0.58,0.5321100917431192,50.0,,,,
0.37254901960784315,0.38,0.37623762376237624,50.0,,,,
0.475,0.76,0.5846153846153846,50.0,,,,
0.72,0.36,0.4799999999999999,50.0,,,,
0.40816326530612246,0.4,0.4040404040404041,50.0,,,,
0.3958333333333333,0.38,0.3877551020408163,50.0,,,,
0.6615384615384615,0.86,0.7478260869565216,50.0,,,,
0.29411764705882354,0.2,0.2380952380952381,50.0,,,,
0.2714285714285714,0.38,0.3166666666666666,50.0,,,,
0.4794520547945205,0.7,0.5691056910569106,50.0,,,,
0.574468085106383,0.54,0.5567010309278351,50.0,,,,
0.6666666666666666,0.6,0.631578947368421,50.0,,,,
0.5254237288135594,0.62,0.5688073394495413,50.0,,,,
0.8,0.32,0.45714285714285713,50.0,,,,
0.40425531914893614,0.38,0.3917525773195877,50.0,,,,
0.33962264150943394,0.36,0.3495145631067961,50.0,,,,
0.2972972972972973,0.22,0.2528735632183908,50.0,,,,
0.35714285714285715,0.3,0.32608695652173914,50.0,,,,
0.2631578947368421,0.2,0.22727272727272727,50.0,,,,
0.696969696969697,0.46,0.5542168674698795,50.0,,,,
0.4423076923076923,0.46,0.4509803921568628,50.0,,,,
0.391304347826087,0.54,0.45378151260504207,50.0,,,,
0.4,0.4,0.4000000000000001,50.0,,,,
0.3225806451612903,0.4,0.3571428571428571,50.0,,,,
0.40384615384615385,0.42,0.4117647058823529,50.0,,,,
0.43333333333333335,0.52,0.4727272727272728,50.0,,,,
0.640625,0.82,0.7192982456140351,50.0,,,,
0.56,0.56,0.56,50.0,,,,
0.3611111111111111,0.26,0.3023255813953488,50.0,,,,
0.37254901960784315,0.38,0.37623762376237624,50.0,,,,
0.6170212765957447,0.58,0.5979381443298969,50.0,,,,
0.5106382978723404,0.48,0.49484536082474223,50.0,,,,
0.4090909090909091,0.36,0.3829787234042554,50.0,,,,
0.25925925925925924,0.14,0.18181818181818182,50.0,,,,
0.6140350877192983,0.7,0.6542056074766356,50.0,,,,
0.5964912280701754,0.68,0.6355140186915889,50.0,,,,
0.2826086956521739,0.26,0.27083333333333337,50.0,,,,
0.5081967213114754,0.62,0.5585585585585586,50.0,,,,
0.3559322033898305,0.42,0.3853211009174312,50.0,,,,
0.421875,0.54,0.4736842105263158,50.0,,,,
0.75,0.72,0.7346938775510204,50.0,,,,
0.4666666666666667,0.56,0.509090909090909,50.0,,,,
0.52,0.52,0.52,50.0,,,,
0.673469387755102,0.66,0.6666666666666666,50.0,,,,
0.6153846153846154,0.64,0.6274509803921569,50.0,,,,
0.7045454545454546,0.62,0.6595744680851063,50.0,,,,
0.27586206896551724,0.48,0.35036496350364965,50.0,,,,
0.42028985507246375,0.58,0.48739495798319327,50.0,,,,
0.48148148148148145,0.52,0.5,50.0,,,,
0.48,0.24,0.32,50.0,,,,
0.5227272727272727,0.46,0.4893617021276596,50.0,,,,
0.5223880597014925,0.7,0.5982905982905983,50.0,,,,
0.4342105263157895,0.66,0.5238095238095238,50.0,,,,
0.6666666666666666,0.32,0.43243243243243246,50.0,,,,
0.37254901960784315,0.38,0.37623762376237624,50.0,,,,
0.5757575757575758,0.38,0.45783132530120485,50.0,,,,
0.425,0.68,0.5230769230769231,50.0,,,,
0.5098039215686274,0.52,0.5148514851485149,50.0,,,,
0.4807692307692308,0.5,0.49019607843137253,50.0,,,,
0.4897959183673469,0.48,0.48484848484848486,50.0,,,,
0.5111111111111111,0.46,0.4842105263157895,50.0,,,,
0.27906976744186046,0.24,0.2580645161290322,50.0,,,,
0.30612244897959184,0.3,0.3030303030303031,50.0,,,,
0.19230769230769232,0.2,0.19607843137254902,50.0,,,,
0.2962962962962963,0.32,0.30769230769230765,50.0,,,,
0.24324324324324326,0.18,0.20689655172413796,50.0,,,,
0.2676056338028169,0.38,0.3140495867768595,50.0,,,,
0.4383561643835616,0.64,0.5203252032520325,50.0,,,,
0.675,0.54,0.6000000000000001,50.0,,,,
0.43661971830985913,0.62,0.512396694214876,50.0,,,,
0.38461538461538464,0.3,0.33707865168539325,50.0,,,,
0.5161290322580645,0.64,0.5714285714285714,50.0,,,,
0.6060606060606061,0.8,0.689655172413793,50.0,,,,
0.6938775510204082,0.68,0.686868686868687,50.0,,,,
0.8113207547169812,0.86,0.8349514563106797,50.0,,,,
0.8125,0.78,0.7959183673469388,50.0,,,,
0.7213114754098361,0.88,0.7927927927927928,50.0,,,,
0.7,0.7,0.7,50.0,,,,
0.5185185185185185,0.56,0.5384615384615384,50.0,,,,
0.6578947368421053,0.5,0.5681818181818182,50.0,,,,
0.36585365853658536,0.3,0.3296703296703297,50.0,,,,
0.44155844155844154,0.68,0.5354330708661418,50.0,,,,
0.5,0.6,0.5454545454545454,50.0,,,,
0.6888888888888889,0.62,0.6526315789473685,50.0,,,,
0.6060606060606061,0.8,0.689655172413793,50.0,,,,
0.6538461538461539,0.68,0.6666666666666666,50.0,,,,
0.45454545454545453,0.3,0.3614457831325301,50.0,,,,
0.4576271186440678,0.54,0.4954128440366973,50.0,,,,
0.5952380952380952,0.5,0.5434782608695652,50.0,,,,
0.5116279069767442,0.44,0.4731182795698925,50.0,,,,
0.7222222222222222,0.78,0.7500000000000001,50.0,,,,
0.5974025974025974,0.92,0.7244094488188978,50.0,,,,
0.2727272727272727,0.12,0.16666666666666666,50.0,,,,
0.34328358208955223,0.46,0.39316239316239315,50.0,,,,
0.5416666666666666,0.52,0.5306122448979592,50.0,,,,
0.5283018867924528,0.56,0.5436893203883495,50.0,,,,
0.2857142857142857,0.2,0.23529411764705882,50.0,,,,
0.4444444444444444,0.4,0.4210526315789474,50.0,,,,
0.5454545454545454,0.6,0.5714285714285713,50.0,,,,
0.3111111111111111,0.28,0.2947368421052632,50.0,,,,
0.35185185185185186,0.38,0.3653846153846154,50.0,,,,
0.6122448979591837,0.6,0.6060606060606062,50.0,,,,
0.6607142857142857,0.74,0.6981132075471698,50.0,,,,
0.4827586206896552,0.56,0.5185185185185185,50.0,,,,
0.4117647058823529,0.28,0.3333333333333333,50.0,,,,
0.4583333333333333,0.66,0.540983606557377,50.0,,,,
0.6176470588235294,0.42,0.5,50.0,,,,
0.47619047619047616,0.2,0.2816901408450704,50.0,,,,
0.32,0.32,0.32,50.0,,,,
0.36538461538461536,0.38,0.37254901960784315,50.0,,,,
0.34210526315789475,0.26,0.29545454545454547,50.0,,,,
0.375,0.24,0.2926829268292683,50.0,,,,
0.6,0.66,0.6285714285714286,50.0,,,,
0.6744186046511628,0.58,0.6236559139784946,50.0,,,,
0.47619047619047616,0.6,0.5309734513274337,50.0,,,,
0.546875,0.7,0.6140350877192983,50.0,,,,
0.5526315789473685,0.42,0.4772727272727273,50.0,,,,
0.631578947368421,0.48,0.5454545454545454,50.0,,,,
0.45714285714285713,0.32,0.37647058823529417,50.0,,,,
0.7142857142857143,0.4,0.5128205128205129,50.0,,,,
0.4117647058823529,0.42,0.41584158415841577,50.0,,,,
0.6153846153846154,0.32,0.4210526315789474,50.0,,,,
0.4634146341463415,0.38,0.4175824175824176,50.0,,,,
0.6071428571428571,0.34,0.43589743589743596,50.0,,,,
0.5333333333333333,0.48,0.505263157894737,50.0,,,,
0.4117647058823529,0.28,0.3333333333333333,50.0,,,,
0.5576923076923077,0.58,0.5686274509803922,50.0,,,,
0.65625,0.84,0.736842105263158,50.0,,,,
0.43137254901960786,0.44,0.4356435643564357,50.0,,,,
0.6176470588235294,0.42,0.5,50.0,,,,
0.48484848484848486,0.64,0.5517241379310344,50.0,,,,
0.4666666666666667,0.28,0.35000000000000003,50.0,,,,
0.09523809523809523,0.04,0.056338028169014086,50.0,,,,
0.4126984126984127,0.52,0.46017699115044247,50.0,,,,
0.5777777777777777,0.52,0.5473684210526315,50.0,,,,
0.5254237288135594,0.62,0.5688073394495413,50.0,,,,
0.3728813559322034,0.44,0.40366972477064217,50.0,,,,
0.5348837209302325,0.46,0.4946236559139785,50.0,,,,
0.7090909090909091,0.78,0.7428571428571428,50.0,,,,
0.6938775510204082,0.68,0.686868686868687,50.0,,,,
0.7419354838709677,0.46,0.5679012345679013,50.0,,,,
0.3793103448275862,0.22,0.27848101265822783,50.0,,,,
0.3333333333333333,0.38,0.3551401869158878,50.0,,,,
0.7735849056603774,0.82,0.796116504854369,50.0,,,,
0.5909090909090909,0.52,0.5531914893617023,50.0,,,,
0.2878787878787879,0.38,0.3275862068965517,50.0,,,,
0.32142857142857145,0.18,0.23076923076923075,50.0,,,,
0.6724137931034483,0.78,0.7222222222222223,50.0,,,,
0.48,0.48,0.48,50.0,,,,
0.625,0.4,0.48780487804878053,50.0,,,,
0.3220338983050847,0.38,0.3486238532110092,50.0,,,,
0.20930232558139536,0.18,0.19354838709677422,50.0,,,,
0.25301204819277107,0.42,0.3157894736842105,50.0,,,,
0.2857142857142857,0.28,0.2828282828282828,50.0,,,,
0.4375,0.7,0.5384615384615384,50.0,,,,
0.5633802816901409,0.8,0.6611570247933886,50.0,,,,
0.5454545454545454,0.36,0.43373493975903615,50.0,,,,
0.4126984126984127,0.52,0.46017699115044247,50.0,,,,
0.6862745098039216,0.7,0.693069306930693,50.0,,,,
0.40625,0.26,0.3170731707317073,50.0,,,,
0.425531914893617,0.4,0.4123711340206186,50.0,,,,
0.3939393939393939,0.52,0.44827586206896547,50.0,,,,
0.25,0.36,0.29508196721311475,50.0,,,,
0.34375,0.22,0.2682926829268293,50.0,,,,
0.4,0.24,0.3,50.0,,,,
0.10256410256410256,0.16,0.125,50.0,,,,
0.2,0.12,0.15,50.0,,,,
0.4050632911392405,0.64,0.49612403100775193,50.0,,,,
0.5483870967741935,0.68,0.6071428571428571,50.0,,,,
0.3023255813953488,0.26,0.27956989247311825,50.0,,,,
0.2222222222222222,0.24,0.23076923076923075,50.0,,,,
0.40816326530612246,0.4,0.4040404040404041,50.0,,,,
0.5806451612903226,0.36,0.4444444444444445,50.0,,,,
0.3492063492063492,0.44,0.3893805309734513,50.0,,,,
0.46,0.46,0.46,50.0,,,,
0.1891891891891892,0.28,0.22580645161290325,50.0,,,,
0.5692307692307692,0.74,0.6434782608695652,50.0,,,,
0.6086956521739131,0.56,0.5833333333333334,50.0,,,,
0.42857142857142855,0.24,0.30769230769230765,50.0,,,,
0.225,0.18,0.19999999999999998,50.0,,,,
0.46,0.46,0.46,50.0,,,,
0.4074074074074074,0.66,0.5038167938931298,50.0,,,,
0.41509433962264153,0.44,0.42718446601941745,50.0,,,,
0.23529411764705882,0.4,0.29629629629629634,50.0,,,,
0.27586206896551724,0.32,0.29629629629629634,50.0,,,,
0.325,0.26,0.2888888888888889,50.0,,,,
0.32432432432432434,0.24,0.27586206896551724,50.0,,,,
0.4883720930232558,0.42,0.45161290322580644,50.0,,,,
0.5789473684210527,0.44,0.5,50.0,,,,
0.38461538461538464,0.2,0.2631578947368421,50.0,,,,
0.55,0.66,0.6000000000000001,50.0,,,,
0.2631578947368421,0.4,0.3174603174603174,50.0,,,,
0.4857142857142857,0.34,0.4,50.0,,,,
0.48717948717948717,0.38,0.4269662921348315,50.0,,,,
0.48484848484848486,0.32,0.38554216867469876,50.0,,,,
0.5,0.66,0.5689655172413792,50.0,,,,
0.22807017543859648,0.26,0.24299065420560748,50.0,,,,
0.2653061224489796,0.26,0.2626262626262626,50.0,,,,
0.32142857142857145,0.18,0.23076923076923075,50.0,,,,
0.47619047619047616,0.4,0.43478260869565216,50.0,,,,
0.3684210526315789,0.42,0.3925233644859813,50.0,,,,
0.373134328358209,0.5,0.4273504273504274,50.0,,,,
0.6216216216216216,0.46,0.5287356321839081,50.0,,,,
0.3409090909090909,0.3,0.3191489361702128,50.0,,,,
0.7241379310344828,0.42,0.5316455696202531,50.0,,,,
0.22641509433962265,0.24,0.23300970873786409,50.0,,,,
0.32608695652173914,0.3,0.31250000000000006,50.0,,,,
0.2631578947368421,0.2,0.22727272727272727,50.0,,,,
0.30952380952380953,0.26,0.2826086956521739,50.0,,,,
0.4810126582278481,0.76,0.5891472868217054,50.0,,,,
0.323943661971831,0.46,0.38016528925619836,50.0,,,,
0.40425531914893614,0.38,0.3917525773195877,50.0,,,,
0.42105263157894735,0.32,0.3636363636363636,50.0,,,,
0.4666666666666667,0.28,0.35000000000000003,50.0,,,,
0.28846153846153844,0.3,0.29411764705882354,50.0,,,,
0.0967741935483871,0.06,0.07407407407407407,50.0,,,,
0.4857142857142857,0.34,0.4,50.0,,,,
0.5915492957746479,0.84,0.6942148760330579,50.0,,,,
0.38028169014084506,0.54,0.44628099173553726,50.0,,,,
0.46808510638297873,0.44,0.4536082474226804,50.0,,,,
0.24444444444444444,0.22,0.23157894736842105,50.0,,,,
0.2391304347826087,0.22,0.22916666666666666,50.0,,,,
0.41304347826086957,0.38,0.39583333333333337,50.0,,,,
0.5942028985507246,0.82,0.6890756302521008,50.0,,,,
0.4117647058823529,0.14,0.208955223880597,50.0,,,,
0.5,0.54,0.5192307692307693,50.0,,,,
0.5205479452054794,0.76,0.6178861788617885,50.0,,,,
0.4714285714285714,0.66,0.55,50.0,,,,
0.4,0.4,0.4000000000000001,50.0,,,,
0.11864406779661017,0.14,0.12844036697247707,50.0,,,,
0.39473684210526316,0.3,0.34090909090909094,50.0,,,,
0.3469387755102041,0.34,0.3434343434343435,50.0,,,,
0.47619047619047616,0.2,0.2816901408450704,50.0,,,,
0.29411764705882354,0.1,0.14925373134328357,50.0,,,,
0.46875,0.6,0.5263157894736842,50.0,,,,
0.4722222222222222,0.68,0.5573770491803278,50.0,,,,
0.25925925925925924,0.28,0.2692307692307692,50.0,,,,
0.37681159420289856,0.52,0.4369747899159664,50.0,,,,
0.45614035087719296,0.52,0.48598130841121495,50.0,,,,
0.18518518518518517,0.1,0.12987012987012986,50.0,,,,
0.29545454545454547,0.26,0.27659574468085113,50.0,,,,
0.4897959183673469,0.48,0.48484848484848486,50.0,,,,
0.525,0.42,0.4666666666666666,50.0,,,,
0.3076923076923077,0.32,0.3137254901960784,50.0,,,,
0.5,0.1,0.16666666666666669,50.0,,,,
0.2777777777777778,0.1,0.14705882352941177,50.0,,,,
0.5952380952380952,0.5,0.5434782608695652,50.0,,,,
0.3404255319148936,0.64,0.4444444444444445,50.0,,,,
0.2564102564102564,0.4,0.3125,50.0,,,,
0.3,0.24,0.2666666666666666,50.0,,,,
0.2,0.06,0.09230769230769231,50.0,,,,
0.5909090909090909,0.78,0.6724137931034482,50.0,,,,
0.13953488372093023,0.12,0.1290322580645161,50.0,,,,
0.22580645161290322,0.14,0.1728395061728395,50.0,,,,
0.56,0.28,0.37333333333333335,50.0,,,,
0.2857142857142857,0.12,0.16901408450704222,50.0,,,,
0.3111111111111111,0.28,0.2947368421052632,50.0,,,,
0.35,0.28,0.3111111111111111,50.0,,,,
0.46153846153846156,0.24,0.3157894736842105,50.0,,,,
0.3582089552238806,0.48,0.4102564102564103,50.0,,,,
0.25,0.14,0.1794871794871795,50.0,,,,
0.6521739130434783,0.6,0.6250000000000001,50.0,,,,
0.4883720930232558,0.42,0.45161290322580644,50.0,,,,
0.4358974358974359,0.34,0.38202247191011235,50.0,,,,
0.1935483870967742,0.12,0.14814814814814814,50.0,,,,
0.35,0.42,0.3818181818181818,50.0,,,,
0.3939393939393939,0.26,0.3132530120481928,50.0,,,,
0.4230769230769231,0.22,0.28947368421052627,50.0,,,,
0.4883720930232558,0.42,0.45161290322580644,50.0,,,,
0.3875,0.62,0.4769230769230769,50.0,,,,
0.2765957446808511,0.26,0.268041237113402,50.0,,,,
0.38461538461538464,0.4,0.39215686274509803,50.0,,,,
0.5121951219512195,0.42,0.46153846153846156,50.0,,,,
0.3392857142857143,0.38,0.3584905660377359,50.0,,,,
0.1111111111111111,0.22,0.14765100671140938,50.0,,,,
0.32608695652173914,0.3,0.31250000000000006,50.0,,,,
0.46808510638297873,0.44,0.4536082474226804,50.0,,,,
0.30952380952380953,0.26,0.2826086956521739,50.0,,,,
0.23863636363636365,0.42,0.30434782608695654,50.0,,,,
0.5777777777777777,0.52,0.5473684210526315,50.0,,,,
0.30158730158730157,0.38,0.336283185840708,50.0,,,,
0.28846153846153844,0.3,0.29411764705882354,50.0,,,,
0.5833333333333334,0.14,0.22580645161290325,50.0,,,,
0.42105263157894735,0.48,0.44859813084112143,50.0,,,,
0.547945205479452,0.8,0.6504065040650406,50.0,,,,
0.2962962962962963,0.32,0.30769230769230765,50.0,,,,
0.576271186440678,0.68,0.6238532110091743,50.0,,,,
0.24390243902439024,0.2,0.21978021978021978,50.0,,,,F2017/B2015
0.4935064935064935,0.76,0.5984251968503937,50.0,,,,
0.47619047619047616,0.4,0.43478260869565216,50.0,,,,
0.3793103448275862,0.22,0.27848101265822783,50.0,,,,
0.47619047619047616,0.6,0.5309734513274337,50.0,,,,
0.2631578947368421,0.2,0.22727272727272727,50.0,,,,
0.09090909090909091,0.04,0.05555555555555555,50.0,,,,
0.16129032258064516,0.1,0.12345679012345678,50.0,,,,
0.2898550724637681,0.4,0.33613445378151263,50.0,,,,
0.45588235294117646,0.62,0.5254237288135594,50.0,,,,
0.3,0.36,0.3272727272727273,50.0,,,,
0.6610169491525424,0.78,0.7155963302752293,50.0,,,,
0.6307692307692307,0.82,0.7130434782608696,50.0,,,,
0.16483516483516483,0.3,0.21276595744680848,50.0,,,,
0.5172413793103449,0.6,0.5555555555555556,50.0,,,,
0.5925925925925926,0.32,0.41558441558441556,50.0,,,,
0.35294117647058826,0.24,0.28571428571428564,50.0,,,,
0.4,0.6,0.48,50.0,,,,
0.6363636363636364,0.56,0.5957446808510639,50.0,,,,
0.6190476190476191,0.52,0.5652173913043478,50.0,,,,
0.36,0.36,0.36,50.0,,,,
0.35384615384615387,0.46,0.4,50.0,,,,
0.2608695652173913,0.12,0.1643835616438356,50.0,,,,
0.4222222222222222,0.38,0.4,50.0,,,,
0.484375,0.62,0.5438596491228069,50.0,,,,
0.4897959183673469,0.48,0.48484848484848486,50.0,,,,
0.38461538461538464,0.4,0.39215686274509803,50.0,,,,
0.2597402597402597,0.4,0.31496062992125984,50.0,,,,
0.3626373626373626,0.66,0.46808510638297873,50.0,,,,
0.696969696969697,0.92,0.793103448275862,50.0,,,,
0.4888888888888889,0.44,0.4631578947368421,50.0,,,,
0.2962962962962963,0.16,0.20779220779220778,50.0,,,,
0.2542372881355932,0.3,0.2752293577981651,50.0,,,,
0.5576923076923077,0.58,0.5686274509803922,50.0,,,,
0.3559322033898305,0.42,0.3853211009174312,50.0,,,,
0.4745762711864407,0.56,0.5137614678899083,50.0,,,,
0.36538461538461536,0.38,0.37254901960784315,50.0,,,,
0.5740740740740741,0.62,0.5961538461538461,50.0,,,,
0.6739130434782609,0.62,0.6458333333333334,50.0,,,,
0.3709677419354839,0.46,0.4107142857142857,50.0,,,,
0.5454545454545454,0.72,0.6206896551724138,50.0,,,,
0.38235294117647056,0.52,0.4406779661016949,50.0,,,,
0.38095238095238093,0.32,0.34782608695652173,50.0,,,,
0.3048780487804878,0.5,0.37878787878787873,50.0,,,,
0.42592592592592593,0.46,0.4423076923076923,50.0,,,,
0.47692307692307695,0.62,0.5391304347826087,50.0,,,,
0.29333333333333333,0.44,0.352,50.0,,,,
0.4375,0.56,0.4912280701754386,50.0,,,,
0.2,0.16,0.17777777777777778,50.0,,,,
0.2,0.04,0.06666666666666667,50.0,,,,
0.46153846153846156,0.48,0.47058823529411764,50.0,,,,
0.23809523809523808,0.1,0.1408450704225352,50.0,,,,
0.45454545454545453,0.3,0.3614457831325301,50.0,,,,
0.25,0.22,0.23404255319148937,50.0,,,,
0.5217391304347826,0.24,0.3287671232876712,50.0,,,,
0.5405405405405406,0.4,0.45977011494252873,50.0,,,,
0.3972602739726027,0.58,0.4715447154471545,50.0,,,,
0.3333333333333333,0.2,0.25,50.0,,,,
0.56,0.56,0.56,50.0,,,,
0.44642857142857145,0.5,0.47169811320754723,50.0,,,,
0.375,0.06,0.10344827586206896,50.0,,,,
0.3384615384615385,0.44,0.3826086956521739,50.0,,,,
0.38181818181818183,0.42,0.4000000000000001,50.0,,,,
0.42857142857142855,0.36,0.391304347826087,50.0,,,,
0.25,0.08,0.12121212121212122,50.0,,,,
0.44642857142857145,0.5,0.47169811320754723,50.0,,,,
0.2826086956521739,0.26,0.27083333333333337,50.0,,,,
0.4339622641509434,0.46,0.44660194174757284,50.0,,,,
0.421875,0.54,0.4736842105263158,50.0,,,,
0.5641025641025641,0.44,0.49438202247191015,50.0,,,,
0.5135135135135135,0.38,0.4367816091954023,50.0,,,,
0.6571428571428571,0.92,0.7666666666666667,50.0,,,,
0.43103448275862066,0.5,0.46296296296296297,50.0,,,,
0.5319148936170213,0.5,0.5154639175257731,50.0,,,,
0.323943661971831,0.46,0.38016528925619836,50.0,,,,
0.43478260869565216,0.6,0.5042016806722689,50.0,,,,
0.4444444444444444,0.72,0.5496183206106869,50.0,,,,
0.47058823529411764,0.32,0.38095238095238104,50.0,,,,
0.2777777777777778,0.4,0.3278688524590164,50.0,,,,
0.5102040816326531,0.5,0.5050505050505051,50.0,,,,
0.56,0.28,0.37333333333333335,50.0,,,,
0.3368421052631579,0.64,0.4413793103448276,50.0,,,,
0.07142857142857142,0.04,0.05128205128205128,50.0,,,,
0.23809523809523808,0.2,0.21739130434782608,50.0,,,,
0.1864406779661017,0.22,0.20183486238532108,50.0,,,,
0.5,0.52,0.5098039215686274,50.0,,,,
0.28125,0.18,0.21951219512195122,50.0,,,,
0.14814814814814814,0.08,0.10389610389610389,50.0,,,,
0.3404255319148936,0.32,0.32989690721649484,50.0,,,,
0.5616438356164384,0.82,0.6666666666666667,50.0,,,,
0.20833333333333334,0.1,0.13513513513513514,50.0,,,,
0.46875,0.3,0.36585365853658536,50.0,,,,
0.75,0.72,0.7346938775510204,50.0,,,,
0.4583333333333333,0.44,0.4489795918367347,50.0,,,,
0.4791666666666667,0.46,0.46938775510204084,50.0,,,,
0.3181818181818182,0.28,0.29787234042553196,50.0,,,,
0.5757575757575758,0.38,0.45783132530120485,50.0,,,,
0.15789473684210525,0.06,0.08695652173913043,50.0,,,,
0.3469387755102041,0.34,0.3434343434343435,50.0,,,,
0.42857142857142855,0.3,0.3529411764705882,50.0,,,,
0.36666666666666664,0.22,0.27499999999999997,50.0,,,,
0.6111111111111112,0.44,0.5116279069767442,50.0,,,,
0.24,0.36,0.288,50.0,,,,
0.15789473684210525,0.12,0.13636363636363635,50.0,,,,
0.660377358490566,0.7,0.6796116504854369,50.0,,,,
0.21739130434782608,0.2,0.20833333333333331,50.0,,,,
0.4583333333333333,0.44,0.4489795918367347,50.0,,,,
0.21951219512195122,0.18,0.1978021978021978,50.0,,,,
0.3888888888888889,0.28,0.32558139534883723,50.0,,,,
0.47126436781609193,0.82,0.5985401459854015,50.0,,,,
0.6041666666666666,0.58,0.5918367346938774,50.0,,,,
0.4857142857142857,0.34,0.4,50.0,,,,
0.3333333333333333,0.26,0.2921348314606742,50.0,,,,
0.46875,0.6,0.5263157894736842,50.0,,,,
0.2727272727272727,0.24,0.2553191489361702,50.0,,,,
0.2727272727272727,0.18,0.21686746987951808,50.0,,,,
0.2222222222222222,0.32,0.26229508196721313,50.0,,,,
0.32142857142857145,0.18,0.23076923076923075,50.0,,,,
0.3829787234042553,0.36,0.37113402061855666,50.0,,,,
0.3137254901960784,0.32,0.3168316831683168,50.0,,,,
0.2909090909090909,0.32,0.3047619047619048,50.0,,,,
0.1590909090909091,0.14,0.14893617021276598,50.0,,,,
0.34545454545454546,0.38,0.3619047619047619,50.0,,,,
0.5909090909090909,0.52,0.5531914893617023,50.0,,,,
0.4838709677419355,0.3,0.37037037037037035,50.0,,,,
0.589041095890411,0.86,0.6991869918699187,50.0,,,,
0.14814814814814814,0.08,0.10389610389610389,50.0,,,,
0.3611111111111111,0.26,0.3023255813953488,50.0,,,,
0.12,0.06,0.08,50.0,,,,
0.41379310344827586,0.24,0.3037974683544304,50.0,,,,
0.3541666666666667,0.34,0.34693877551020413,50.0,,,,
0.1511627906976744,0.26,0.19117647058823528,50.0,,,,
0.5344827586206896,0.62,0.574074074074074,50.0,,,,
0.375,0.72,0.4931506849315069,50.0,,,,
0.574468085106383,0.54,0.5567010309278351,50.0,,,,
0.32558139534883723,0.56,0.411764705882353,50.0,,,,
0.4383561643835616,0.64,0.5203252032520325,50.0,,,,
0.1111111111111111,0.14,0.12389380530973453,50.0,,,,
0.21818181818181817,0.24,0.2285714285714286,50.0,,,,
0.36,0.18,0.23999999999999996,50.0,,,,
0.1875,0.06,0.09090909090909091,50.0,,,,
0.4722222222222222,0.34,0.39534883720930236,50.0,,,,
0.37037037037037035,0.2,0.2597402597402597,50.0,,,,
0.4857142857142857,0.68,0.5666666666666667,50.0,,,,
0.46,0.46,0.46,50.0,,,,
0.2127659574468085,0.2,0.2061855670103093,50.0,,,,
0.4411764705882353,0.6,0.5084745762711865,50.0,,,,
0.4411764705882353,0.3,0.35714285714285715,50.0,,,,
0.47368421052631576,0.36,0.40909090909090906,50.0,,,,
0.6811594202898551,0.94,0.7899159663865546,50.0,,,,
0.3103448275862069,0.18,0.22784810126582278,50.0,,,,
0.5147058823529411,0.7,0.5932203389830508,50.0,,,,
0.4696969696969697,0.62,0.5344827586206896,50.0,,,,
0.16666666666666666,0.04,0.06451612903225806,50.0,,,,
0.423728813559322,0.5,0.4587155963302752,50.0,,,,
0.2,0.16,0.17777777777777778,50.0,,,,
0.1076923076923077,0.14,0.12173913043478263,50.0,,,,
0.5714285714285714,0.32,0.41025641025641024,50.0,,,,
0.3698630136986301,0.54,0.4390243902439025,50.0,,,,
0.42857142857142855,0.36,0.391304347826087,50.0,,,,
0.42857142857142855,0.24,0.30769230769230765,50.0,,,,
0.2549019607843137,0.26,0.25742574257425743,50.0,,,,
0.46875,0.6,0.5263157894736842,50.0,,,,
0.7586206896551724,0.44,0.5569620253164557,50.0,,,,
0.17073170731707318,0.14,0.15384615384615385,50.0,,,,
0.6166666666666667,0.74,0.6727272727272727,50.0,,,,
0.30952380952380953,0.26,0.2826086956521739,50.0,,,,
0.3541666666666667,0.34,0.34693877551020413,50.0,,,,
0.48717948717948717,0.38,0.4269662921348315,50.0,,,,
0.47058823529411764,0.16,0.23880597014925375,50.0,,,,
0.1568627450980392,0.16,0.1584158415841584,50.0,,,,
0.5277777777777778,0.38,0.4418604651162791,50.0,,,,
0.42857142857142855,0.18,0.2535211267605634,50.0,,,,
0.3333333333333333,0.32,0.32653061224489793,50.0,,,,
0.10256410256410256,0.08,0.08988764044943821,50.0,,,,
0.24,0.24,0.24,50.0,,,,
0.2972972972972973,0.22,0.2528735632183908,50.0,,,,
0.4936708860759494,0.78,0.6046511627906977,50.0,,,,
0.2653061224489796,0.26,0.2626262626262626,50.0,,,,
0.5833333333333334,0.7,0.6363636363636365,50.0,,,,
0.5614035087719298,0.64,0.5981308411214953,50.0,,,,
0.5833333333333334,0.42,0.4883720930232558,50.0,,,,
0.2028985507246377,0.28,0.23529411764705885,50.0,,,,
0.35294117647058826,0.36,0.3564356435643565,50.0,,,,
0.4444444444444444,0.24,0.3116883116883117,50.0,,,,
0.2676056338028169,0.38,0.3140495867768595,50.0,,,,
0.5636363636363636,0.62,0.5904761904761904,50.0,,,,
0.3389830508474576,0.4,0.3669724770642202,50.0,,,,
0.5869565217391305,0.54,0.5625000000000001,50.0,,,,
0.36363636363636365,0.32,0.3404255319148936,50.0,,,,
0.4473684210526316,0.68,0.5396825396825397,50.0,,,,
0.6851851851851852,0.74,0.7115384615384615,50.0,,,,
0.1794871794871795,0.14,0.15730337078651685,50.0,,,,
0.5555555555555556,0.1,0.16949152542372883,50.0,,,,
0.4406779661016949,0.52,0.47706422018348627,50.0,,,,
0.06666666666666667,0.02,0.030769230769230767,50.0,,,,
0.36,0.54,0.43200000000000005,50.0,,,,
0.2857142857142857,0.16,0.20512820512820512,50.0,,,,
0.33962264150943394,0.72,0.4615384615384615,50.0,,,,
0.85,0.34,0.4857142857142858,50.0,,,,
0.46938775510204084,0.46,0.46464646464646464,50.0,,,,
0.2926829268292683,0.24,0.2637362637362637,50.0,,,,
0.45,0.54,0.49090909090909096,50.0,,,,
0.46153846153846156,0.48,0.47058823529411764,50.0,,,,
0.18181818181818182,0.04,0.06557377049180327,50.0,,,,
0.4444444444444444,0.4,0.4210526315789474,50.0,,,,
0.17307692307692307,0.18,0.17647058823529413,50.0,,,,
0.3064516129032258,0.38,0.33928571428571425,50.0,,,,
0.19047619047619047,0.08,0.11267605633802817,50.0,,,,
0.41304347826086957,0.38,0.39583333333333337,50.0,,,,
0.4659090909090909,0.82,0.5942028985507246,50.0,,,,
0.16666666666666666,0.14,0.15217391304347827,50.0,,,,
0.2,0.1,0.13333333333333333,50.0,,,,
0.3,0.18,0.225,50.0,,,,
0.41025641025641024,0.32,0.35955056179775285,50.0,,,,
0.43859649122807015,0.5,0.46728971962616817,50.0,,,,
0.40350877192982454,0.46,0.42990654205607476,50.0,,,,
0.38636363636363635,0.34,0.36170212765957455,50.0,,,,
0.4074074074074074,0.22,0.2857142857142857,50.0,,,,
0.4166666666666667,0.8,0.547945205479452,50.0,,,,
0.4358974358974359,0.34,0.38202247191011235,50.0,,,,
0.5,0.52,0.5098039215686274,50.0,,,,
0.35,0.14,0.2,50.0,,,,
0.3384615384615385,0.44,0.3826086956521739,50.0,,,,
0.3559322033898305,0.42,0.3853211009174312,50.0,,,,
0.39285714285714285,0.44,0.4150943396226415,50.0,,,,
0.4166666666666667,0.3,0.3488372093023256,50.0,,,,
0.6590909090909091,0.58,0.6170212765957446,50.0,,,,
0.1875,0.12,0.14634146341463414,50.0,,,,
0.38636363636363635,0.34,0.36170212765957455,50.0,,,,
0.5714285714285714,0.48,0.5217391304347826,50.0,,,,
0.20689655172413793,0.12,0.1518987341772152,50.0,,,,
0.54,0.54,0.54,50.0,,,,
0.4666666666666667,0.28,0.35000000000000003,50.0,,,,
0.4117647058823529,0.56,0.4745762711864407,50.0,,,,
0.7105263157894737,0.54,0.6136363636363636,50.0,,,,
0.23076923076923078,0.06,0.09523809523809523,50.0,,,,
0.2857142857142857,0.32,0.30188679245283023,50.0,,,,
0.21666666666666667,0.26,0.2363636363636364,50.0,,,,
0.2727272727272727,0.24,0.2553191489361702,50.0,,,,
0.17045454545454544,0.3,0.21739130434782608,50.0,,,,
0.5121951219512195,0.42,0.46153846153846156,50.0,,,,
0.2222222222222222,0.12,0.15584415584415584,50.0,,,,
0.6037735849056604,0.64,0.6213592233009708,50.0,,,,
0.5405405405405406,0.8,0.6451612903225806,50.0,,,,
0.5147058823529411,0.7,0.5932203389830508,50.0,,,,
0.14285714285714285,0.06,0.08450704225352111,50.0,,,,
0.6538461538461539,0.68,0.6666666666666666,50.0,,,,
0.17391304347826086,0.08,0.1095890410958904,50.0,,,,
0.2125,0.34,0.26153846153846155,50.0,,,,
0.2711864406779661,0.32,0.29357798165137616,50.0,,,,
0.175,0.14,0.15555555555555556,50.0,,,,
0.1956521739130435,0.18,0.18749999999999997,50.0,,,,
0.4666666666666667,0.56,0.509090909090909,50.0,,,,
0.34545454545454546,0.38,0.3619047619047619,50.0,,,,
0.4230769230769231,0.44,0.4313725490196078,50.0,,,,
0.13953488372093023,0.12,0.1290322580645161,50.0,,,,
0.4222222222222222,0.38,0.4,50.0,,,,
0.3958333333333333,0.38,0.3877551020408163,50.0,,,,
0.35802469135802467,0.58,0.44274809160305345,50.0,,,,
0.4791666666666667,0.46,0.46938775510204084,50.0,,,,
0.40476190476190477,0.34,0.36956521739130443,50.0,,,,
0.4883720930232558,0.42,0.45161290322580644,50.0,,,,
0.24324324324324326,0.36,0.2903225806451613,50.0,,,,
0.582089552238806,0.78,0.6666666666666667,50.0,,,,
0.45614035087719296,0.52,0.48598130841121495,50.0,,,,
0.49295774647887325,0.7,0.5785123966942148,50.0,,,,
0.7045454545454546,0.62,0.6595744680851063,50.0,,,,
0.2903225806451613,0.18,0.22222222222222224,50.0,,,,
0.34782608695652173,0.48,0.4033613445378151,50.0,,,,
0.4375,0.42,0.4285714285714286,50.0,,,,
0.4,0.32,0.35555555555555557,50.0,,,,
0.42424242424242425,0.28,0.3373493975903614,50.0,,,,
0.2894736842105263,0.44,0.34920634920634924,50.0,,,,
0.4,0.12,0.18461538461538463,50.0,,,,
0.4444444444444444,0.16,0.23529411764705882,50.0,,,,
0.6666666666666666,0.48,0.5581395348837209,50.0,,,,
0.08333333333333333,0.02,0.03225806451612903,50.0,,,,
0.7674418604651163,0.66,0.7096774193548386,50.0,,,,
0.4117647058823529,0.42,0.41584158415841577,50.0,,,,
0.5,0.36,0.41860465116279066,50.0,,,,
0.3582089552238806,0.48,0.4102564102564103,50.0,,,,
0.1111111111111111,0.06,0.07792207792207792,50.0,,,,
0.21568627450980393,0.44,0.2894736842105263,50.0,,,,
0.5818181818181818,0.64,0.6095238095238096,50.0,,,,
0.4576271186440678,0.54,0.4954128440366973,50.0,,,,
0.3225806451612903,0.4,0.3571428571428571,50.0,,,,
0.13333333333333333,0.12,0.12631578947368424,50.0,,,,
0.22727272727272727,0.1,0.1388888888888889,50.0,,,,
0.4222222222222222,0.38,0.4,50.0,,,,
0.41304347826086957,0.38,0.39583333333333337,50.0,,,,
0.3181818181818182,0.14,0.19444444444444445,50.0,,,,
0.24324324324324326,0.18,0.20689655172413796,50.0,,,,
0.5357142857142857,0.6,0.5660377358490566,50.0,,,,
0.20454545454545456,0.18,0.1914893617021277,50.0,,,,
0.4807692307692308,0.5,0.49019607843137253,50.0,,,,
0.6739130434782609,0.62,0.6458333333333334,50.0,,,,
0.38636363636363635,0.34,0.36170212765957455,50.0,,,,
0.13761467889908258,0.3,0.18867924528301888,50.0,,,,
0.3548387096774194,0.22,0.2716049382716049,50.0,,,,
0.27586206896551724,0.16,0.20253164556962025,50.0,,,,
0.07894736842105263,0.06,0.06818181818181818,50.0,,,,
0.08928571428571429,0.1,0.09433962264150945,50.0,,,,
0.2653061224489796,0.26,0.2626262626262626,50.0,,,,
0.3448275862068966,0.4,0.3703703703703704,50.0,,,,
0.2857142857142857,0.16,0.20512820512820512,50.0,,,,
0.21951219512195122,0.18,0.1978021978021978,50.0,,,,
0.22727272727272727,0.4,0.2898550724637681,50.0,,,,
0.4642857142857143,0.26,0.3333333333333333,50.0,,,,
0.08333333333333333,0.02,0.03225806451612903,50.0,,,,
0.3958333333333333,0.38,0.3877551020408163,50.0,,,,
0.425531914893617,0.4,0.4123711340206186,50.0,,,,
0.14583333333333334,0.28,0.1917808219178082,50.0,,,,
0.45,0.36,0.39999999999999997,50.0,,,,
0.59375,0.38,0.46341463414634143,50.0,,,,
0.22641509433962265,0.24,0.23300970873786409,50.0,,,,
0.525,0.42,0.4666666666666666,50.0,,,,
0.5675675675675675,0.42,0.4827586206896552,50.0,,,,
0.4857142857142857,0.68,0.5666666666666667,50.0,,,,
0.52,0.26,0.3466666666666667,50.0,,,,
0.41935483870967744,0.26,0.32098765432098764,50.0,,,,
0.36363636363636365,0.32,0.3404255319148936,50.0,,,,
0.5384615384615384,0.28,0.3684210526315789,50.0,,,,
0.34375,0.22,0.2682926829268293,50.0,,,,
0.3125,0.2,0.24390243902439027,50.0,,,,
0.29310344827586204,0.34,0.31481481481481477,50.0,,,,
0.28888888888888886,0.26,0.27368421052631575,50.0,,,,
0.4666666666666667,0.56,0.509090909090909,50.0,,,,
0.32608695652173914,0.3,0.31250000000000006,50.0,,,,
0.3333333333333333,0.4,0.3636363636363636,50.0,,,,
0.4,0.48,0.4363636363636364,50.0,,,,
0.3148148148148148,0.34,0.3269230769230769,50.0,,,,
0.2894736842105263,0.22,0.25,50.0,,,,
0.25757575757575757,0.34,0.29310344827586204,50.0,,,,
0.36585365853658536,0.3,0.3296703296703297,50.0,,,,
0.47619047619047616,0.4,0.43478260869565216,50.0,,,,
0.29310344827586204,0.34,0.31481481481481477,50.0,,,,
0.5540540540540541,0.82,0.6612903225806451,50.0,,,,
0.5932203389830508,0.7,0.6422018348623852,50.0,,,,
0.21875,0.14,0.17073170731707318,50.0,,,,
0.13636363636363635,0.06,0.08333333333333333,50.0,,,,
0.5142857142857142,0.36,0.4235294117647058,50.0,,,,
0.4057971014492754,0.56,0.4705882352941177,50.0,,,,
0.21951219512195122,0.18,0.1978021978021978,50.0,,,,
0.25,0.32,0.2807017543859649,50.0,,,,
0.45098039215686275,0.46,0.45544554455445546,50.0,,,,
0.2903225806451613,0.18,0.22222222222222224,50.0,,,,
0.375,0.3,0.33333333333333326,50.0,,,,
0.45454545454545453,0.6,0.5172413793103449,50.0,,,,
0.0,0.0,0.0,50.0,,,,
0.7391304347826086,0.68,0.7083333333333334,50.0,,,,
0.23711340206185566,0.46,0.3129251700680272,50.0,,,,
0.5151515151515151,0.68,0.5862068965517241,50.0,,,,
0.3,0.18,0.225,50.0,,,,
0.4745762711864407,0.56,0.5137614678899083,50.0,,,,
0.37037037037037035,0.2,0.2597402597402597,50.0,,,,
0.3125,0.3,0.3061224489795918,50.0,,,,
0.25,0.16,0.19512195121951217,50.0,,,,
0.3442622950819672,0.42,0.3783783783783784,50.0,,,,
0.4794520547945205,0.7,0.5691056910569106,50.0,,,,
0.4,0.52,0.45217391304347826,50.0,,,,
0.3968253968253968,0.5,0.4424778761061947,50.0,,,,
0.20588235294117646,0.14,0.16666666666666666,50.0,,,,
0.12903225806451613,0.08,0.09876543209876543,50.0,,,,
0.65,0.78,0.709090909090909,50.0,,,,
0.6578947368421053,0.5,0.5681818181818182,50.0,,,,
0.25925925925925924,0.14,0.18181818181818182,50.0,,,,
0.3448275862068966,0.6,0.43795620437956206,50.0,,,,
0.75,0.54,0.627906976744186,50.0,,,,
0.34285714285714286,0.24,0.2823529411764706,50.0,,,,
0.21428571428571427,0.12,0.15384615384615383,50.0,,,,
0.16216216216216217,0.12,0.13793103448275862,50.0,,,,
0.4473684210526316,0.34,0.38636363636363635,50.0,,,,
0.2558139534883721,0.22,0.23655913978494625,50.0,,,,
0.19230769230769232,0.1,0.13157894736842105,50.0,,,,
0.42105263157894735,0.16,0.2318840579710145,50.0,,,,
0.47619047619047616,0.4,0.43478260869565216,50.0,,,,
0.37037037037037035,0.4,0.3846153846153846,50.0,,,,
0.5813953488372093,0.5,0.5376344086021505,50.0,,,,
0.4603174603174603,0.58,0.5132743362831858,50.0,,,,
0.6129032258064516,0.76,0.6785714285714285,50.0,,,,
0.3253012048192771,0.54,0.40601503759398494,50.0,,,,
0.5490196078431373,0.56,0.5544554455445545,50.0,,,,
0.37777777777777777,0.34,0.3578947368421052,50.0,,,,
0.4727272727272727,0.52,0.49523809523809526,50.0,,,,
0.275,0.22,0.24444444444444446,50.0,,,,
0.5454545454545454,0.48,0.5106382978723404,50.0,,,,
0.24444444444444444,0.22,0.23157894736842105,50.0,,,,
0.3409090909090909,0.6,0.43478260869565216,50.0,,,,
0.4864864864864865,0.36,0.4137931034482759,50.0,,,,
0.4246575342465753,0.62,0.5040650406504065,50.0,,,,
0.639344262295082,0.78,0.7027027027027027,50.0,,,,
0.2638888888888889,0.38,0.3114754098360656,50.0,,,,
0.20967741935483872,0.26,0.23214285714285712,50.0,,,,
0.275,0.22,0.24444444444444446,50.0,,,,
0.3090909090909091,0.34,0.32380952380952377,50.0,,,,
0.5238095238095238,0.22,0.3098591549295775,50.0,,,,
0.6190476190476191,0.52,0.5652173913043478,50.0,,,,
0.352112676056338,0.5,0.4132231404958677,50.0,,,,
0.5185185185185185,0.56,0.5384615384615384,50.0,,,,
0.4576271186440678,0.54,0.4954128440366973,50.0,,,,
0.66,0.66,0.66,50.0,,,,
0.6470588235294118,0.66,0.6534653465346535,50.0,,,,
0.375,0.3,0.33333333333333326,50.0,,,,
0.509090909090909,0.56,0.5333333333333333,50.0,,,,
0.323943661971831,0.46,0.38016528925619836,50.0,,,,
0.4,0.44,0.41904761904761906,50.0,,,,
0.28125,0.36,0.3157894736842105,50.0,,,,
0.6136363636363636,0.54,0.574468085106383,50.0,,,,
0.5087719298245614,0.58,0.5420560747663552,50.0,,,,
0.6612903225806451,0.82,0.7321428571428572,50.0,,,,
0.5217391304347826,0.24,0.3287671232876712,50.0,,,,
0.5471698113207547,0.58,0.5631067961165048,50.0,,,,
0.6,0.48,0.5333333333333332,50.0,,,,
0.6764705882352942,0.46,0.5476190476190477,50.0,,,,
0.5087719298245614,0.58,0.5420560747663552,50.0,,,,
0.45614035087719296,0.52,0.48598130841121495,50.0,,,,
0.6296296296296297,0.34,0.4415584415584416,50.0,,,,
0.4418604651162791,0.38,0.40860215053763443,50.0,,,,
0.5806451612903226,0.72,0.6428571428571428,50.0,,,,
0.4657534246575342,0.68,0.5528455284552846,50.0,,,,
0.6,0.72,0.6545454545454547,50.0,,,,
0.574468085106383,0.54,0.5567010309278351,50.0,,,,
0.6031746031746031,0.76,0.672566371681416,50.0,,,,
0.25,0.34,0.288135593220339,50.0,,,,
0.26666666666666666,0.24,0.2526315789473685,50.0,,,,
0.47619047619047616,0.4,0.43478260869565216,50.0,,,,
0.5849056603773585,0.62,0.6019417475728155,50.0,,,,
0.3114754098360656,0.38,0.34234234234234234,50.0,,,,
0.2830188679245283,0.3,0.2912621359223301,50.0,,,,
0.25,0.32,0.2807017543859649,50.0,,,,
0.46153846153846156,0.48,0.47058823529411764,50.0,,,,
0.30434782608695654,0.14,0.19178082191780824,50.0,,,,
0.2857142857142857,0.28,0.2828282828282828,50.0,,,,
0.3559322033898305,0.42,0.3853211009174312,50.0,,,,
0.6451612903225806,0.4,0.49382716049382713,50.0,,,,
0.30985915492957744,0.44,0.36363636363636365,50.0,,,,
0.41935483870967744,0.52,0.46428571428571425,50.0,,,,
0.7647058823529411,0.78,0.7722772277227723,50.0,,,,
0.3125,0.2,0.24390243902439027,50.0,,,,
0.29850746268656714,0.4,0.3418803418803419,50.0,,,,
0.39705882352941174,0.54,0.45762711864406785,50.0,,,,
0.23684210526315788,0.18,0.20454545454545453,50.0,,,,
0.4074074074074074,0.66,0.5038167938931298,50.0,,,,
0.36904761904761907,0.62,0.4626865671641791,50.0,,,,
0.4,0.6,0.48,50.0,,,,
0.21686746987951808,0.36,0.2706766917293233,50.0,,,,
0.5151515151515151,0.68,0.5862068965517241,50.0,,,,
0.6323529411764706,0.86,0.728813559322034,50.0,,,,
0.8148148148148148,0.88,0.8461538461538461,50.0,,,,
0.7230769230769231,0.94,0.8173913043478259,50.0,,,,
0.4166666666666667,0.2,0.2702702702702703,50.0,,,,
0.5098039215686274,0.52,0.5148514851485149,50.0,,,,
0.6379310344827587,0.74,0.6851851851851852,50.0,,,,
0.6,0.42,0.49411764705882355,50.0,,,,
0.7636363636363637,0.84,0.8000000000000002,50.0,,,,
0.6153846153846154,0.8,0.6956521739130435,50.0,,,,
0.6027397260273972,0.88,0.7154471544715447,50.0,,,,
0.4444444444444444,0.64,0.5245901639344263,50.0,,,,
0.65625,0.84,0.736842105263158,50.0,,,,
0.6590909090909091,0.58,0.6170212765957446,50.0,,,,
0.4528301886792453,0.48,0.46601941747572817,50.0,,,,
0.3783783783783784,0.28,0.3218390804597701,50.0,,,,
0.1044776119402985,0.14,0.11965811965811966,50.0,,,,
0.42796,0.42796,0.42796,0.42796,,,,
0.4291852945504157,0.42796000000000006,0.41720303880024073,50000.0,,,,
0.4291852945504159,0.42796,0.4172030388002407,50000.0,,,,
,,,,0.6772199869155884,0.6792286472,0.677289496,0.6602655292
